"period","type","plot","brown_trtmnt","nind","krat_treatment","okrat_treatment"
1,"dipo","3","dipo_absent",3,"exclosure","exclosure"
2,"dipo","3","dipo_absent",2,"exclosure","exclosure"
3,"dipo","3","dipo_absent",2,"exclosure","exclosure"
4,"dipo","3","dipo_absent",4,"exclosure","exclosure"
8,"dipo","3","dipo_absent",0,"exclosure","exclosure"
9,"dipo","3","dipo_absent",0,"exclosure","exclosure"
10,"dipo","3","dipo_absent",0,"exclosure","exclosure"
11,"dipo","3","dipo_absent",0,"exclosure","exclosure"
15,"dipo","3","dipo_absent",1,"exclosure","exclosure"
32,"dipo","3","dipo_absent",0,"exclosure","exclosure"
5,"dipo","3","dipo_absent",0,"exclosure","exclosure"
6,"dipo","3","dipo_absent",0,"exclosure","exclosure"
7,"dipo","3","dipo_absent",0,"exclosure","exclosure"
12,"dipo","3","dipo_absent",0,"exclosure","exclosure"
13,"dipo","3","dipo_absent",0,"exclosure","exclosure"
14,"dipo","3","dipo_absent",0,"exclosure","exclosure"
16,"dipo","3","dipo_absent",0,"exclosure","exclosure"
17,"dipo","3","dipo_absent",0,"exclosure","exclosure"
18,"dipo","3","dipo_absent",0,"exclosure","exclosure"
19,"dipo","3","dipo_absent",0,"exclosure","exclosure"
20,"dipo","3","dipo_absent",0,"exclosure","exclosure"
21,"dipo","3","dipo_absent",0,"exclosure","exclosure"
22,"dipo","3","dipo_absent",0,"exclosure","exclosure"
23,"dipo","3","dipo_absent",0,"exclosure","exclosure"
24,"dipo","3","dipo_absent",0,"exclosure","exclosure"
25,"dipo","3","dipo_absent",0,"exclosure","exclosure"
26,"dipo","3","dipo_absent",0,"exclosure","exclosure"
27,"dipo","3","dipo_absent",0,"exclosure","exclosure"
28,"dipo","3","dipo_absent",0,"exclosure","exclosure"
29,"dipo","3","dipo_absent",0,"exclosure","exclosure"
30,"dipo","3","dipo_absent",0,"exclosure","exclosure"
31,"dipo","3","dipo_absent",0,"exclosure","exclosure"
33,"dipo","3","dipo_absent",0,"exclosure","exclosure"
34,"dipo","3","dipo_absent",0,"exclosure","exclosure"
35,"dipo","3","dipo_absent",0,"exclosure","exclosure"
1,"other","3","dipo_absent",1,"exclosure","exclosure"
2,"other","3","dipo_absent",0,"exclosure","exclosure"
3,"other","3","dipo_absent",0,"exclosure","exclosure"
4,"other","3","dipo_absent",0,"exclosure","exclosure"
8,"other","3","dipo_absent",0,"exclosure","exclosure"
9,"other","3","dipo_absent",1,"exclosure","exclosure"
10,"other","3","dipo_absent",1,"exclosure","exclosure"
11,"other","3","dipo_absent",1,"exclosure","exclosure"
15,"other","3","dipo_absent",1,"exclosure","exclosure"
32,"other","3","dipo_absent",0,"exclosure","exclosure"
5,"other","3","dipo_absent",1,"exclosure","exclosure"
6,"other","3","dipo_absent",0,"exclosure","exclosure"
7,"other","3","dipo_absent",1,"exclosure","exclosure"
12,"other","3","dipo_absent",0,"exclosure","exclosure"
13,"other","3","dipo_absent",2,"exclosure","exclosure"
14,"other","3","dipo_absent",1,"exclosure","exclosure"
16,"other","3","dipo_absent",1,"exclosure","exclosure"
17,"other","3","dipo_absent",1,"exclosure","exclosure"
18,"other","3","dipo_absent",0,"exclosure","exclosure"
19,"other","3","dipo_absent",0,"exclosure","exclosure"
20,"other","3","dipo_absent",0,"exclosure","exclosure"
21,"other","3","dipo_absent",1,"exclosure","exclosure"
22,"other","3","dipo_absent",1,"exclosure","exclosure"
23,"other","3","dipo_absent",1,"exclosure","exclosure"
24,"other","3","dipo_absent",0,"exclosure","exclosure"
25,"other","3","dipo_absent",0,"exclosure","exclosure"
26,"other","3","dipo_absent",0,"exclosure","exclosure"
27,"other","3","dipo_absent",0,"exclosure","exclosure"
28,"other","3","dipo_absent",0,"exclosure","exclosure"
29,"other","3","dipo_absent",0,"exclosure","exclosure"
30,"other","3","dipo_absent",0,"exclosure","exclosure"
31,"other","3","dipo_absent",0,"exclosure","exclosure"
33,"other","3","dipo_absent",0,"exclosure","exclosure"
34,"other","3","dipo_absent",0,"exclosure","exclosure"
35,"other","3","dipo_absent",1,"exclosure","exclosure"
1,"small_granivore","3","dipo_absent",0,"exclosure","exclosure"
2,"small_granivore","3","dipo_absent",0,"exclosure","exclosure"
3,"small_granivore","3","dipo_absent",1,"exclosure","exclosure"
4,"small_granivore","3","dipo_absent",0,"exclosure","exclosure"
8,"small_granivore","3","dipo_absent",0,"exclosure","exclosure"
9,"small_granivore","3","dipo_absent",1,"exclosure","exclosure"
10,"small_granivore","3","dipo_absent",0,"exclosure","exclosure"
11,"small_granivore","3","dipo_absent",0,"exclosure","exclosure"
15,"small_granivore","3","dipo_absent",2,"exclosure","exclosure"
32,"small_granivore","3","dipo_absent",4,"exclosure","exclosure"
5,"small_granivore","3","dipo_absent",0,"exclosure","exclosure"
6,"small_granivore","3","dipo_absent",1,"exclosure","exclosure"
7,"small_granivore","3","dipo_absent",1,"exclosure","exclosure"
12,"small_granivore","3","dipo_absent",0,"exclosure","exclosure"
13,"small_granivore","3","dipo_absent",0,"exclosure","exclosure"
14,"small_granivore","3","dipo_absent",0,"exclosure","exclosure"
16,"small_granivore","3","dipo_absent",3,"exclosure","exclosure"
17,"small_granivore","3","dipo_absent",0,"exclosure","exclosure"
18,"small_granivore","3","dipo_absent",0,"exclosure","exclosure"
19,"small_granivore","3","dipo_absent",0,"exclosure","exclosure"
20,"small_granivore","3","dipo_absent",0,"exclosure","exclosure"
21,"small_granivore","3","dipo_absent",0,"exclosure","exclosure"
22,"small_granivore","3","dipo_absent",0,"exclosure","exclosure"
23,"small_granivore","3","dipo_absent",0,"exclosure","exclosure"
24,"small_granivore","3","dipo_absent",0,"exclosure","exclosure"
25,"small_granivore","3","dipo_absent",0,"exclosure","exclosure"
26,"small_granivore","3","dipo_absent",0,"exclosure","exclosure"
27,"small_granivore","3","dipo_absent",1,"exclosure","exclosure"
28,"small_granivore","3","dipo_absent",2,"exclosure","exclosure"
29,"small_granivore","3","dipo_absent",3,"exclosure","exclosure"
30,"small_granivore","3","dipo_absent",1,"exclosure","exclosure"
31,"small_granivore","3","dipo_absent",5,"exclosure","exclosure"
33,"small_granivore","3","dipo_absent",3,"exclosure","exclosure"
34,"small_granivore","3","dipo_absent",1,"exclosure","exclosure"
35,"small_granivore","3","dipo_absent",0,"exclosure","exclosure"
1,"small_omnivore","3","dipo_absent",0,"exclosure","exclosure"
2,"small_omnivore","3","dipo_absent",0,"exclosure","exclosure"
3,"small_omnivore","3","dipo_absent",0,"exclosure","exclosure"
4,"small_omnivore","3","dipo_absent",0,"exclosure","exclosure"
8,"small_omnivore","3","dipo_absent",2,"exclosure","exclosure"
9,"small_omnivore","3","dipo_absent",2,"exclosure","exclosure"
10,"small_omnivore","3","dipo_absent",0,"exclosure","exclosure"
11,"small_omnivore","3","dipo_absent",0,"exclosure","exclosure"
15,"small_omnivore","3","dipo_absent",2,"exclosure","exclosure"
32,"small_omnivore","3","dipo_absent",0,"exclosure","exclosure"
5,"small_omnivore","3","dipo_absent",0,"exclosure","exclosure"
6,"small_omnivore","3","dipo_absent",1,"exclosure","exclosure"
7,"small_omnivore","3","dipo_absent",1,"exclosure","exclosure"
12,"small_omnivore","3","dipo_absent",1,"exclosure","exclosure"
13,"small_omnivore","3","dipo_absent",0,"exclosure","exclosure"
14,"small_omnivore","3","dipo_absent",0,"exclosure","exclosure"
16,"small_omnivore","3","dipo_absent",0,"exclosure","exclosure"
17,"small_omnivore","3","dipo_absent",0,"exclosure","exclosure"
18,"small_omnivore","3","dipo_absent",2,"exclosure","exclosure"
19,"small_omnivore","3","dipo_absent",1,"exclosure","exclosure"
20,"small_omnivore","3","dipo_absent",2,"exclosure","exclosure"
21,"small_omnivore","3","dipo_absent",0,"exclosure","exclosure"
22,"small_omnivore","3","dipo_absent",0,"exclosure","exclosure"
23,"small_omnivore","3","dipo_absent",0,"exclosure","exclosure"
24,"small_omnivore","3","dipo_absent",1,"exclosure","exclosure"
25,"small_omnivore","3","dipo_absent",2,"exclosure","exclosure"
26,"small_omnivore","3","dipo_absent",1,"exclosure","exclosure"
27,"small_omnivore","3","dipo_absent",2,"exclosure","exclosure"
28,"small_omnivore","3","dipo_absent",2,"exclosure","exclosure"
29,"small_omnivore","3","dipo_absent",2,"exclosure","exclosure"
30,"small_omnivore","3","dipo_absent",1,"exclosure","exclosure"
31,"small_omnivore","3","dipo_absent",0,"exclosure","exclosure"
33,"small_omnivore","3","dipo_absent",0,"exclosure","exclosure"
34,"small_omnivore","3","dipo_absent",0,"exclosure","exclosure"
35,"small_omnivore","3","dipo_absent",0,"exclosure","exclosure"
1,"dipo","15","dipo_absent",3,"exclosure","exclosure"
2,"dipo","15","dipo_absent",6,"exclosure","exclosure"
3,"dipo","15","dipo_absent",4,"exclosure","exclosure"
4,"dipo","15","dipo_absent",1,"exclosure","exclosure"
8,"dipo","15","dipo_absent",3,"exclosure","exclosure"
9,"dipo","15","dipo_absent",5,"exclosure","exclosure"
10,"dipo","15","dipo_absent",1,"exclosure","exclosure"
11,"dipo","15","dipo_absent",1,"exclosure","exclosure"
15,"dipo","15","dipo_absent",0,"exclosure","exclosure"
32,"dipo","15","dipo_absent",1,"exclosure","exclosure"
5,"dipo","15","dipo_absent",0,"exclosure","exclosure"
6,"dipo","15","dipo_absent",0,"exclosure","exclosure"
7,"dipo","15","dipo_absent",0,"exclosure","exclosure"
12,"dipo","15","dipo_absent",0,"exclosure","exclosure"
13,"dipo","15","dipo_absent",0,"exclosure","exclosure"
14,"dipo","15","dipo_absent",0,"exclosure","exclosure"
16,"dipo","15","dipo_absent",0,"exclosure","exclosure"
17,"dipo","15","dipo_absent",0,"exclosure","exclosure"
18,"dipo","15","dipo_absent",0,"exclosure","exclosure"
19,"dipo","15","dipo_absent",0,"exclosure","exclosure"
20,"dipo","15","dipo_absent",0,"exclosure","exclosure"
21,"dipo","15","dipo_absent",0,"exclosure","exclosure"
22,"dipo","15","dipo_absent",0,"exclosure","exclosure"
23,"dipo","15","dipo_absent",0,"exclosure","exclosure"
24,"dipo","15","dipo_absent",0,"exclosure","exclosure"
25,"dipo","15","dipo_absent",0,"exclosure","exclosure"
26,"dipo","15","dipo_absent",0,"exclosure","exclosure"
27,"dipo","15","dipo_absent",0,"exclosure","exclosure"
28,"dipo","15","dipo_absent",0,"exclosure","exclosure"
29,"dipo","15","dipo_absent",0,"exclosure","exclosure"
30,"dipo","15","dipo_absent",0,"exclosure","exclosure"
31,"dipo","15","dipo_absent",0,"exclosure","exclosure"
33,"dipo","15","dipo_absent",0,"exclosure","exclosure"
34,"dipo","15","dipo_absent",0,"exclosure","exclosure"
35,"dipo","15","dipo_absent",0,"exclosure","exclosure"
1,"other","15","dipo_absent",1,"exclosure","exclosure"
2,"other","15","dipo_absent",1,"exclosure","exclosure"
3,"other","15","dipo_absent",0,"exclosure","exclosure"
4,"other","15","dipo_absent",0,"exclosure","exclosure"
8,"other","15","dipo_absent",0,"exclosure","exclosure"
9,"other","15","dipo_absent",0,"exclosure","exclosure"
10,"other","15","dipo_absent",0,"exclosure","exclosure"
11,"other","15","dipo_absent",0,"exclosure","exclosure"
15,"other","15","dipo_absent",0,"exclosure","exclosure"
32,"other","15","dipo_absent",0,"exclosure","exclosure"
5,"other","15","dipo_absent",1,"exclosure","exclosure"
6,"other","15","dipo_absent",1,"exclosure","exclosure"
7,"other","15","dipo_absent",1,"exclosure","exclosure"
12,"other","15","dipo_absent",1,"exclosure","exclosure"
13,"other","15","dipo_absent",0,"exclosure","exclosure"
14,"other","15","dipo_absent",1,"exclosure","exclosure"
16,"other","15","dipo_absent",0,"exclosure","exclosure"
17,"other","15","dipo_absent",1,"exclosure","exclosure"
18,"other","15","dipo_absent",1,"exclosure","exclosure"
19,"other","15","dipo_absent",1,"exclosure","exclosure"
20,"other","15","dipo_absent",0,"exclosure","exclosure"
21,"other","15","dipo_absent",1,"exclosure","exclosure"
22,"other","15","dipo_absent",0,"exclosure","exclosure"
23,"other","15","dipo_absent",0,"exclosure","exclosure"
24,"other","15","dipo_absent",0,"exclosure","exclosure"
25,"other","15","dipo_absent",0,"exclosure","exclosure"
26,"other","15","dipo_absent",0,"exclosure","exclosure"
27,"other","15","dipo_absent",0,"exclosure","exclosure"
28,"other","15","dipo_absent",0,"exclosure","exclosure"
29,"other","15","dipo_absent",0,"exclosure","exclosure"
30,"other","15","dipo_absent",0,"exclosure","exclosure"
31,"other","15","dipo_absent",0,"exclosure","exclosure"
33,"other","15","dipo_absent",0,"exclosure","exclosure"
34,"other","15","dipo_absent",0,"exclosure","exclosure"
35,"other","15","dipo_absent",0,"exclosure","exclosure"
1,"small_granivore","15","dipo_absent",0,"exclosure","exclosure"
2,"small_granivore","15","dipo_absent",0,"exclosure","exclosure"
3,"small_granivore","15","dipo_absent",0,"exclosure","exclosure"
4,"small_granivore","15","dipo_absent",0,"exclosure","exclosure"
8,"small_granivore","15","dipo_absent",0,"exclosure","exclosure"
9,"small_granivore","15","dipo_absent",0,"exclosure","exclosure"
10,"small_granivore","15","dipo_absent",0,"exclosure","exclosure"
11,"small_granivore","15","dipo_absent",0,"exclosure","exclosure"
15,"small_granivore","15","dipo_absent",2,"exclosure","exclosure"
32,"small_granivore","15","dipo_absent",3,"exclosure","exclosure"
5,"small_granivore","15","dipo_absent",0,"exclosure","exclosure"
6,"small_granivore","15","dipo_absent",0,"exclosure","exclosure"
7,"small_granivore","15","dipo_absent",0,"exclosure","exclosure"
12,"small_granivore","15","dipo_absent",0,"exclosure","exclosure"
13,"small_granivore","15","dipo_absent",2,"exclosure","exclosure"
14,"small_granivore","15","dipo_absent",1,"exclosure","exclosure"
16,"small_granivore","15","dipo_absent",2,"exclosure","exclosure"
17,"small_granivore","15","dipo_absent",0,"exclosure","exclosure"
18,"small_granivore","15","dipo_absent",0,"exclosure","exclosure"
19,"small_granivore","15","dipo_absent",0,"exclosure","exclosure"
20,"small_granivore","15","dipo_absent",1,"exclosure","exclosure"
21,"small_granivore","15","dipo_absent",0,"exclosure","exclosure"
22,"small_granivore","15","dipo_absent",2,"exclosure","exclosure"
23,"small_granivore","15","dipo_absent",2,"exclosure","exclosure"
24,"small_granivore","15","dipo_absent",2,"exclosure","exclosure"
25,"small_granivore","15","dipo_absent",4,"exclosure","exclosure"
26,"small_granivore","15","dipo_absent",1,"exclosure","exclosure"
27,"small_granivore","15","dipo_absent",1,"exclosure","exclosure"
28,"small_granivore","15","dipo_absent",1,"exclosure","exclosure"
29,"small_granivore","15","dipo_absent",1,"exclosure","exclosure"
30,"small_granivore","15","dipo_absent",3,"exclosure","exclosure"
31,"small_granivore","15","dipo_absent",3,"exclosure","exclosure"
33,"small_granivore","15","dipo_absent",3,"exclosure","exclosure"
34,"small_granivore","15","dipo_absent",3,"exclosure","exclosure"
35,"small_granivore","15","dipo_absent",0,"exclosure","exclosure"
1,"small_omnivore","15","dipo_absent",0,"exclosure","exclosure"
2,"small_omnivore","15","dipo_absent",0,"exclosure","exclosure"
3,"small_omnivore","15","dipo_absent",0,"exclosure","exclosure"
4,"small_omnivore","15","dipo_absent",0,"exclosure","exclosure"
8,"small_omnivore","15","dipo_absent",0,"exclosure","exclosure"
9,"small_omnivore","15","dipo_absent",0,"exclosure","exclosure"
10,"small_omnivore","15","dipo_absent",0,"exclosure","exclosure"
11,"small_omnivore","15","dipo_absent",0,"exclosure","exclosure"
15,"small_omnivore","15","dipo_absent",0,"exclosure","exclosure"
32,"small_omnivore","15","dipo_absent",2,"exclosure","exclosure"
5,"small_omnivore","15","dipo_absent",0,"exclosure","exclosure"
6,"small_omnivore","15","dipo_absent",0,"exclosure","exclosure"
7,"small_omnivore","15","dipo_absent",0,"exclosure","exclosure"
12,"small_omnivore","15","dipo_absent",0,"exclosure","exclosure"
13,"small_omnivore","15","dipo_absent",0,"exclosure","exclosure"
14,"small_omnivore","15","dipo_absent",0,"exclosure","exclosure"
16,"small_omnivore","15","dipo_absent",0,"exclosure","exclosure"
17,"small_omnivore","15","dipo_absent",0,"exclosure","exclosure"
18,"small_omnivore","15","dipo_absent",0,"exclosure","exclosure"
19,"small_omnivore","15","dipo_absent",0,"exclosure","exclosure"
20,"small_omnivore","15","dipo_absent",0,"exclosure","exclosure"
21,"small_omnivore","15","dipo_absent",0,"exclosure","exclosure"
22,"small_omnivore","15","dipo_absent",1,"exclosure","exclosure"
23,"small_omnivore","15","dipo_absent",2,"exclosure","exclosure"
24,"small_omnivore","15","dipo_absent",0,"exclosure","exclosure"
25,"small_omnivore","15","dipo_absent",0,"exclosure","exclosure"
26,"small_omnivore","15","dipo_absent",0,"exclosure","exclosure"
27,"small_omnivore","15","dipo_absent",0,"exclosure","exclosure"
28,"small_omnivore","15","dipo_absent",1,"exclosure","exclosure"
29,"small_omnivore","15","dipo_absent",2,"exclosure","exclosure"
30,"small_omnivore","15","dipo_absent",1,"exclosure","exclosure"
31,"small_omnivore","15","dipo_absent",2,"exclosure","exclosure"
33,"small_omnivore","15","dipo_absent",1,"exclosure","exclosure"
34,"small_omnivore","15","dipo_absent",1,"exclosure","exclosure"
35,"small_omnivore","15","dipo_absent",1,"exclosure","exclosure"
1,"dipo","19","dipo_absent",3,"exclosure","exclosure"
2,"dipo","19","dipo_absent",2,"exclosure","exclosure"
3,"dipo","19","dipo_absent",3,"exclosure","exclosure"
4,"dipo","19","dipo_absent",4,"exclosure","exclosure"
8,"dipo","19","dipo_absent",0,"exclosure","exclosure"
9,"dipo","19","dipo_absent",0,"exclosure","exclosure"
10,"dipo","19","dipo_absent",0,"exclosure","exclosure"
11,"dipo","19","dipo_absent",0,"exclosure","exclosure"
15,"dipo","19","dipo_absent",0,"exclosure","exclosure"
32,"dipo","19","dipo_absent",0,"exclosure","exclosure"
5,"dipo","19","dipo_absent",0,"exclosure","exclosure"
6,"dipo","19","dipo_absent",0,"exclosure","exclosure"
7,"dipo","19","dipo_absent",0,"exclosure","exclosure"
12,"dipo","19","dipo_absent",0,"exclosure","exclosure"
13,"dipo","19","dipo_absent",0,"exclosure","exclosure"
14,"dipo","19","dipo_absent",0,"exclosure","exclosure"
16,"dipo","19","dipo_absent",0,"exclosure","exclosure"
17,"dipo","19","dipo_absent",0,"exclosure","exclosure"
18,"dipo","19","dipo_absent",0,"exclosure","exclosure"
19,"dipo","19","dipo_absent",0,"exclosure","exclosure"
20,"dipo","19","dipo_absent",0,"exclosure","exclosure"
21,"dipo","19","dipo_absent",0,"exclosure","exclosure"
22,"dipo","19","dipo_absent",0,"exclosure","exclosure"
23,"dipo","19","dipo_absent",0,"exclosure","exclosure"
24,"dipo","19","dipo_absent",0,"exclosure","exclosure"
25,"dipo","19","dipo_absent",0,"exclosure","exclosure"
26,"dipo","19","dipo_absent",0,"exclosure","exclosure"
27,"dipo","19","dipo_absent",0,"exclosure","exclosure"
28,"dipo","19","dipo_absent",0,"exclosure","exclosure"
29,"dipo","19","dipo_absent",0,"exclosure","exclosure"
30,"dipo","19","dipo_absent",0,"exclosure","exclosure"
31,"dipo","19","dipo_absent",0,"exclosure","exclosure"
33,"dipo","19","dipo_absent",0,"exclosure","exclosure"
34,"dipo","19","dipo_absent",0,"exclosure","exclosure"
35,"dipo","19","dipo_absent",0,"exclosure","exclosure"
1,"other","19","dipo_absent",0,"exclosure","exclosure"
2,"other","19","dipo_absent",0,"exclosure","exclosure"
3,"other","19","dipo_absent",0,"exclosure","exclosure"
4,"other","19","dipo_absent",0,"exclosure","exclosure"
8,"other","19","dipo_absent",1,"exclosure","exclosure"
9,"other","19","dipo_absent",1,"exclosure","exclosure"
10,"other","19","dipo_absent",1,"exclosure","exclosure"
11,"other","19","dipo_absent",1,"exclosure","exclosure"
15,"other","19","dipo_absent",0,"exclosure","exclosure"
32,"other","19","dipo_absent",0,"exclosure","exclosure"
5,"other","19","dipo_absent",1,"exclosure","exclosure"
6,"other","19","dipo_absent",1,"exclosure","exclosure"
7,"other","19","dipo_absent",1,"exclosure","exclosure"
12,"other","19","dipo_absent",1,"exclosure","exclosure"
13,"other","19","dipo_absent",1,"exclosure","exclosure"
14,"other","19","dipo_absent",0,"exclosure","exclosure"
16,"other","19","dipo_absent",0,"exclosure","exclosure"
17,"other","19","dipo_absent",0,"exclosure","exclosure"
18,"other","19","dipo_absent",0,"exclosure","exclosure"
19,"other","19","dipo_absent",1,"exclosure","exclosure"
20,"other","19","dipo_absent",1,"exclosure","exclosure"
21,"other","19","dipo_absent",1,"exclosure","exclosure"
22,"other","19","dipo_absent",1,"exclosure","exclosure"
23,"other","19","dipo_absent",1,"exclosure","exclosure"
24,"other","19","dipo_absent",1,"exclosure","exclosure"
25,"other","19","dipo_absent",0,"exclosure","exclosure"
26,"other","19","dipo_absent",1,"exclosure","exclosure"
27,"other","19","dipo_absent",1,"exclosure","exclosure"
28,"other","19","dipo_absent",0,"exclosure","exclosure"
29,"other","19","dipo_absent",0,"exclosure","exclosure"
30,"other","19","dipo_absent",0,"exclosure","exclosure"
31,"other","19","dipo_absent",0,"exclosure","exclosure"
33,"other","19","dipo_absent",0,"exclosure","exclosure"
34,"other","19","dipo_absent",1,"exclosure","exclosure"
35,"other","19","dipo_absent",0,"exclosure","exclosure"
1,"small_granivore","19","dipo_absent",0,"exclosure","exclosure"
2,"small_granivore","19","dipo_absent",0,"exclosure","exclosure"
3,"small_granivore","19","dipo_absent",0,"exclosure","exclosure"
4,"small_granivore","19","dipo_absent",1,"exclosure","exclosure"
8,"small_granivore","19","dipo_absent",0,"exclosure","exclosure"
9,"small_granivore","19","dipo_absent",0,"exclosure","exclosure"
10,"small_granivore","19","dipo_absent",0,"exclosure","exclosure"
11,"small_granivore","19","dipo_absent",0,"exclosure","exclosure"
15,"small_granivore","19","dipo_absent",1,"exclosure","exclosure"
32,"small_granivore","19","dipo_absent",3,"exclosure","exclosure"
5,"small_granivore","19","dipo_absent",0,"exclosure","exclosure"
6,"small_granivore","19","dipo_absent",0,"exclosure","exclosure"
7,"small_granivore","19","dipo_absent",0,"exclosure","exclosure"
12,"small_granivore","19","dipo_absent",0,"exclosure","exclosure"
13,"small_granivore","19","dipo_absent",0,"exclosure","exclosure"
14,"small_granivore","19","dipo_absent",2,"exclosure","exclosure"
16,"small_granivore","19","dipo_absent",0,"exclosure","exclosure"
17,"small_granivore","19","dipo_absent",1,"exclosure","exclosure"
18,"small_granivore","19","dipo_absent",1,"exclosure","exclosure"
19,"small_granivore","19","dipo_absent",0,"exclosure","exclosure"
20,"small_granivore","19","dipo_absent",0,"exclosure","exclosure"
21,"small_granivore","19","dipo_absent",0,"exclosure","exclosure"
22,"small_granivore","19","dipo_absent",0,"exclosure","exclosure"
23,"small_granivore","19","dipo_absent",0,"exclosure","exclosure"
24,"small_granivore","19","dipo_absent",0,"exclosure","exclosure"
25,"small_granivore","19","dipo_absent",0,"exclosure","exclosure"
26,"small_granivore","19","dipo_absent",0,"exclosure","exclosure"
27,"small_granivore","19","dipo_absent",0,"exclosure","exclosure"
28,"small_granivore","19","dipo_absent",0,"exclosure","exclosure"
29,"small_granivore","19","dipo_absent",1,"exclosure","exclosure"
30,"small_granivore","19","dipo_absent",3,"exclosure","exclosure"
31,"small_granivore","19","dipo_absent",1,"exclosure","exclosure"
33,"small_granivore","19","dipo_absent",2,"exclosure","exclosure"
34,"small_granivore","19","dipo_absent",0,"exclosure","exclosure"
35,"small_granivore","19","dipo_absent",0,"exclosure","exclosure"
1,"small_omnivore","19","dipo_absent",1,"exclosure","exclosure"
2,"small_omnivore","19","dipo_absent",0,"exclosure","exclosure"
3,"small_omnivore","19","dipo_absent",0,"exclosure","exclosure"
4,"small_omnivore","19","dipo_absent",0,"exclosure","exclosure"
8,"small_omnivore","19","dipo_absent",0,"exclosure","exclosure"
9,"small_omnivore","19","dipo_absent",0,"exclosure","exclosure"
10,"small_omnivore","19","dipo_absent",0,"exclosure","exclosure"
11,"small_omnivore","19","dipo_absent",0,"exclosure","exclosure"
15,"small_omnivore","19","dipo_absent",1,"exclosure","exclosure"
32,"small_omnivore","19","dipo_absent",1,"exclosure","exclosure"
5,"small_omnivore","19","dipo_absent",0,"exclosure","exclosure"
6,"small_omnivore","19","dipo_absent",0,"exclosure","exclosure"
7,"small_omnivore","19","dipo_absent",0,"exclosure","exclosure"
12,"small_omnivore","19","dipo_absent",0,"exclosure","exclosure"
13,"small_omnivore","19","dipo_absent",0,"exclosure","exclosure"
14,"small_omnivore","19","dipo_absent",1,"exclosure","exclosure"
16,"small_omnivore","19","dipo_absent",1,"exclosure","exclosure"
17,"small_omnivore","19","dipo_absent",1,"exclosure","exclosure"
18,"small_omnivore","19","dipo_absent",0,"exclosure","exclosure"
19,"small_omnivore","19","dipo_absent",0,"exclosure","exclosure"
20,"small_omnivore","19","dipo_absent",0,"exclosure","exclosure"
21,"small_omnivore","19","dipo_absent",0,"exclosure","exclosure"
22,"small_omnivore","19","dipo_absent",0,"exclosure","exclosure"
23,"small_omnivore","19","dipo_absent",0,"exclosure","exclosure"
24,"small_omnivore","19","dipo_absent",0,"exclosure","exclosure"
25,"small_omnivore","19","dipo_absent",1,"exclosure","exclosure"
26,"small_omnivore","19","dipo_absent",0,"exclosure","exclosure"
27,"small_omnivore","19","dipo_absent",0,"exclosure","exclosure"
28,"small_omnivore","19","dipo_absent",2,"exclosure","exclosure"
29,"small_omnivore","19","dipo_absent",1,"exclosure","exclosure"
30,"small_omnivore","19","dipo_absent",1,"exclosure","exclosure"
31,"small_omnivore","19","dipo_absent",1,"exclosure","exclosure"
33,"small_omnivore","19","dipo_absent",0,"exclosure","exclosure"
34,"small_omnivore","19","dipo_absent",0,"exclosure","exclosure"
35,"small_omnivore","19","dipo_absent",1,"exclosure","exclosure"
1,"dipo","21","dipo_absent",2,"exclosure","exclosure"
2,"dipo","21","dipo_absent",3,"exclosure","exclosure"
3,"dipo","21","dipo_absent",2,"exclosure","exclosure"
4,"dipo","21","dipo_absent",1,"exclosure","exclosure"
8,"dipo","21","dipo_absent",0,"exclosure","exclosure"
9,"dipo","21","dipo_absent",0,"exclosure","exclosure"
10,"dipo","21","dipo_absent",0,"exclosure","exclosure"
11,"dipo","21","dipo_absent",0,"exclosure","exclosure"
15,"dipo","21","dipo_absent",0,"exclosure","exclosure"
32,"dipo","21","dipo_absent",0,"exclosure","exclosure"
5,"dipo","21","dipo_absent",0,"exclosure","exclosure"
6,"dipo","21","dipo_absent",0,"exclosure","exclosure"
7,"dipo","21","dipo_absent",0,"exclosure","exclosure"
12,"dipo","21","dipo_absent",0,"exclosure","exclosure"
13,"dipo","21","dipo_absent",0,"exclosure","exclosure"
14,"dipo","21","dipo_absent",0,"exclosure","exclosure"
16,"dipo","21","dipo_absent",0,"exclosure","exclosure"
17,"dipo","21","dipo_absent",0,"exclosure","exclosure"
18,"dipo","21","dipo_absent",0,"exclosure","exclosure"
19,"dipo","21","dipo_absent",0,"exclosure","exclosure"
20,"dipo","21","dipo_absent",0,"exclosure","exclosure"
21,"dipo","21","dipo_absent",0,"exclosure","exclosure"
22,"dipo","21","dipo_absent",0,"exclosure","exclosure"
23,"dipo","21","dipo_absent",0,"exclosure","exclosure"
24,"dipo","21","dipo_absent",0,"exclosure","exclosure"
25,"dipo","21","dipo_absent",0,"exclosure","exclosure"
26,"dipo","21","dipo_absent",0,"exclosure","exclosure"
27,"dipo","21","dipo_absent",0,"exclosure","exclosure"
28,"dipo","21","dipo_absent",0,"exclosure","exclosure"
29,"dipo","21","dipo_absent",0,"exclosure","exclosure"
30,"dipo","21","dipo_absent",0,"exclosure","exclosure"
31,"dipo","21","dipo_absent",0,"exclosure","exclosure"
33,"dipo","21","dipo_absent",0,"exclosure","exclosure"
34,"dipo","21","dipo_absent",0,"exclosure","exclosure"
35,"dipo","21","dipo_absent",0,"exclosure","exclosure"
1,"other","21","dipo_absent",0,"exclosure","exclosure"
2,"other","21","dipo_absent",0,"exclosure","exclosure"
3,"other","21","dipo_absent",0,"exclosure","exclosure"
4,"other","21","dipo_absent",0,"exclosure","exclosure"
8,"other","21","dipo_absent",0,"exclosure","exclosure"
9,"other","21","dipo_absent",0,"exclosure","exclosure"
10,"other","21","dipo_absent",0,"exclosure","exclosure"
11,"other","21","dipo_absent",0,"exclosure","exclosure"
15,"other","21","dipo_absent",0,"exclosure","exclosure"
32,"other","21","dipo_absent",0,"exclosure","exclosure"
5,"other","21","dipo_absent",0,"exclosure","exclosure"
6,"other","21","dipo_absent",0,"exclosure","exclosure"
7,"other","21","dipo_absent",0,"exclosure","exclosure"
12,"other","21","dipo_absent",0,"exclosure","exclosure"
13,"other","21","dipo_absent",0,"exclosure","exclosure"
14,"other","21","dipo_absent",0,"exclosure","exclosure"
16,"other","21","dipo_absent",0,"exclosure","exclosure"
17,"other","21","dipo_absent",0,"exclosure","exclosure"
18,"other","21","dipo_absent",0,"exclosure","exclosure"
19,"other","21","dipo_absent",1,"exclosure","exclosure"
20,"other","21","dipo_absent",1,"exclosure","exclosure"
21,"other","21","dipo_absent",1,"exclosure","exclosure"
22,"other","21","dipo_absent",1,"exclosure","exclosure"
23,"other","21","dipo_absent",0,"exclosure","exclosure"
24,"other","21","dipo_absent",0,"exclosure","exclosure"
25,"other","21","dipo_absent",0,"exclosure","exclosure"
26,"other","21","dipo_absent",0,"exclosure","exclosure"
27,"other","21","dipo_absent",0,"exclosure","exclosure"
28,"other","21","dipo_absent",1,"exclosure","exclosure"
29,"other","21","dipo_absent",0,"exclosure","exclosure"
30,"other","21","dipo_absent",0,"exclosure","exclosure"
31,"other","21","dipo_absent",0,"exclosure","exclosure"
33,"other","21","dipo_absent",1,"exclosure","exclosure"
34,"other","21","dipo_absent",1,"exclosure","exclosure"
35,"other","21","dipo_absent",0,"exclosure","exclosure"
1,"small_granivore","21","dipo_absent",0,"exclosure","exclosure"
2,"small_granivore","21","dipo_absent",0,"exclosure","exclosure"
3,"small_granivore","21","dipo_absent",0,"exclosure","exclosure"
4,"small_granivore","21","dipo_absent",0,"exclosure","exclosure"
8,"small_granivore","21","dipo_absent",0,"exclosure","exclosure"
9,"small_granivore","21","dipo_absent",1,"exclosure","exclosure"
10,"small_granivore","21","dipo_absent",0,"exclosure","exclosure"
11,"small_granivore","21","dipo_absent",0,"exclosure","exclosure"
15,"small_granivore","21","dipo_absent",2,"exclosure","exclosure"
32,"small_granivore","21","dipo_absent",3,"exclosure","exclosure"
5,"small_granivore","21","dipo_absent",0,"exclosure","exclosure"
6,"small_granivore","21","dipo_absent",0,"exclosure","exclosure"
7,"small_granivore","21","dipo_absent",0,"exclosure","exclosure"
12,"small_granivore","21","dipo_absent",1,"exclosure","exclosure"
13,"small_granivore","21","dipo_absent",1,"exclosure","exclosure"
14,"small_granivore","21","dipo_absent",2,"exclosure","exclosure"
16,"small_granivore","21","dipo_absent",0,"exclosure","exclosure"
17,"small_granivore","21","dipo_absent",1,"exclosure","exclosure"
18,"small_granivore","21","dipo_absent",1,"exclosure","exclosure"
19,"small_granivore","21","dipo_absent",0,"exclosure","exclosure"
20,"small_granivore","21","dipo_absent",0,"exclosure","exclosure"
21,"small_granivore","21","dipo_absent",0,"exclosure","exclosure"
22,"small_granivore","21","dipo_absent",0,"exclosure","exclosure"
23,"small_granivore","21","dipo_absent",1,"exclosure","exclosure"
24,"small_granivore","21","dipo_absent",2,"exclosure","exclosure"
25,"small_granivore","21","dipo_absent",1,"exclosure","exclosure"
26,"small_granivore","21","dipo_absent",0,"exclosure","exclosure"
27,"small_granivore","21","dipo_absent",0,"exclosure","exclosure"
28,"small_granivore","21","dipo_absent",0,"exclosure","exclosure"
29,"small_granivore","21","dipo_absent",1,"exclosure","exclosure"
30,"small_granivore","21","dipo_absent",2,"exclosure","exclosure"
31,"small_granivore","21","dipo_absent",2,"exclosure","exclosure"
33,"small_granivore","21","dipo_absent",0,"exclosure","exclosure"
34,"small_granivore","21","dipo_absent",0,"exclosure","exclosure"
35,"small_granivore","21","dipo_absent",1,"exclosure","exclosure"
1,"small_omnivore","21","dipo_absent",0,"exclosure","exclosure"
2,"small_omnivore","21","dipo_absent",0,"exclosure","exclosure"
3,"small_omnivore","21","dipo_absent",0,"exclosure","exclosure"
4,"small_omnivore","21","dipo_absent",0,"exclosure","exclosure"
8,"small_omnivore","21","dipo_absent",2,"exclosure","exclosure"
9,"small_omnivore","21","dipo_absent",2,"exclosure","exclosure"
10,"small_omnivore","21","dipo_absent",1,"exclosure","exclosure"
11,"small_omnivore","21","dipo_absent",1,"exclosure","exclosure"
15,"small_omnivore","21","dipo_absent",1,"exclosure","exclosure"
32,"small_omnivore","21","dipo_absent",0,"exclosure","exclosure"
5,"small_omnivore","21","dipo_absent",3,"exclosure","exclosure"
6,"small_omnivore","21","dipo_absent",3,"exclosure","exclosure"
7,"small_omnivore","21","dipo_absent",2,"exclosure","exclosure"
12,"small_omnivore","21","dipo_absent",1,"exclosure","exclosure"
13,"small_omnivore","21","dipo_absent",0,"exclosure","exclosure"
14,"small_omnivore","21","dipo_absent",2,"exclosure","exclosure"
16,"small_omnivore","21","dipo_absent",1,"exclosure","exclosure"
17,"small_omnivore","21","dipo_absent",0,"exclosure","exclosure"
18,"small_omnivore","21","dipo_absent",0,"exclosure","exclosure"
19,"small_omnivore","21","dipo_absent",0,"exclosure","exclosure"
20,"small_omnivore","21","dipo_absent",0,"exclosure","exclosure"
21,"small_omnivore","21","dipo_absent",0,"exclosure","exclosure"
22,"small_omnivore","21","dipo_absent",0,"exclosure","exclosure"
23,"small_omnivore","21","dipo_absent",0,"exclosure","exclosure"
24,"small_omnivore","21","dipo_absent",2,"exclosure","exclosure"
25,"small_omnivore","21","dipo_absent",0,"exclosure","exclosure"
26,"small_omnivore","21","dipo_absent",1,"exclosure","exclosure"
27,"small_omnivore","21","dipo_absent",1,"exclosure","exclosure"
28,"small_omnivore","21","dipo_absent",0,"exclosure","exclosure"
29,"small_omnivore","21","dipo_absent",0,"exclosure","exclosure"
30,"small_omnivore","21","dipo_absent",2,"exclosure","exclosure"
31,"small_omnivore","21","dipo_absent",1,"exclosure","exclosure"
33,"small_omnivore","21","dipo_absent",0,"exclosure","exclosure"
34,"small_omnivore","21","dipo_absent",0,"exclosure","exclosure"
35,"small_omnivore","21","dipo_absent",0,"exclosure","exclosure"
1,"dipo","8","dipo_present",1,"control","control"
2,"dipo","8","dipo_present",2,"control","control"
3,"dipo","8","dipo_present",1,"control","control"
4,"dipo","8","dipo_present",3,"control","control"
8,"dipo","8","dipo_present",2,"control","control"
9,"dipo","8","dipo_present",3,"control","control"
10,"dipo","8","dipo_present",3,"control","control"
11,"dipo","8","dipo_present",3,"control","control"
15,"dipo","8","dipo_present",5,"control","control"
32,"dipo","8","dipo_present",2,"control","control"
5,"dipo","8","dipo_present",2,"control","control"
6,"dipo","8","dipo_present",3,"control","control"
7,"dipo","8","dipo_present",2,"control","control"
12,"dipo","8","dipo_present",4,"control","control"
13,"dipo","8","dipo_present",4,"control","control"
14,"dipo","8","dipo_present",2,"control","control"
16,"dipo","8","dipo_present",4,"control","control"
17,"dipo","8","dipo_present",4,"control","control"
18,"dipo","8","dipo_present",2,"control","control"
19,"dipo","8","dipo_present",1,"control","control"
20,"dipo","8","dipo_present",3,"control","control"
21,"dipo","8","dipo_present",2,"control","control"
22,"dipo","8","dipo_present",1,"control","control"
23,"dipo","8","dipo_present",2,"control","control"
24,"dipo","8","dipo_present",1,"control","control"
25,"dipo","8","dipo_present",1,"control","control"
26,"dipo","8","dipo_present",1,"control","control"
27,"dipo","8","dipo_present",1,"control","control"
28,"dipo","8","dipo_present",3,"control","control"
29,"dipo","8","dipo_present",2,"control","control"
30,"dipo","8","dipo_present",4,"control","control"
31,"dipo","8","dipo_present",3,"control","control"
33,"dipo","8","dipo_present",2,"control","control"
34,"dipo","8","dipo_present",2,"control","control"
35,"dipo","8","dipo_present",2,"control","control"
1,"other","8","dipo_present",0,"control","control"
2,"other","8","dipo_present",0,"control","control"
3,"other","8","dipo_present",0,"control","control"
4,"other","8","dipo_present",0,"control","control"
8,"other","8","dipo_present",0,"control","control"
9,"other","8","dipo_present",0,"control","control"
10,"other","8","dipo_present",0,"control","control"
11,"other","8","dipo_present",0,"control","control"
15,"other","8","dipo_present",0,"control","control"
32,"other","8","dipo_present",0,"control","control"
5,"other","8","dipo_present",0,"control","control"
6,"other","8","dipo_present",0,"control","control"
7,"other","8","dipo_present",0,"control","control"
12,"other","8","dipo_present",0,"control","control"
13,"other","8","dipo_present",0,"control","control"
14,"other","8","dipo_present",0,"control","control"
16,"other","8","dipo_present",0,"control","control"
17,"other","8","dipo_present",0,"control","control"
18,"other","8","dipo_present",0,"control","control"
19,"other","8","dipo_present",0,"control","control"
20,"other","8","dipo_present",0,"control","control"
21,"other","8","dipo_present",0,"control","control"
22,"other","8","dipo_present",0,"control","control"
23,"other","8","dipo_present",0,"control","control"
24,"other","8","dipo_present",0,"control","control"
25,"other","8","dipo_present",0,"control","control"
26,"other","8","dipo_present",0,"control","control"
27,"other","8","dipo_present",0,"control","control"
28,"other","8","dipo_present",0,"control","control"
29,"other","8","dipo_present",0,"control","control"
30,"other","8","dipo_present",0,"control","control"
31,"other","8","dipo_present",0,"control","control"
33,"other","8","dipo_present",0,"control","control"
34,"other","8","dipo_present",0,"control","control"
35,"other","8","dipo_present",0,"control","control"
1,"small_granivore","8","dipo_present",0,"control","control"
2,"small_granivore","8","dipo_present",1,"control","control"
3,"small_granivore","8","dipo_present",0,"control","control"
4,"small_granivore","8","dipo_present",0,"control","control"
8,"small_granivore","8","dipo_present",0,"control","control"
9,"small_granivore","8","dipo_present",0,"control","control"
10,"small_granivore","8","dipo_present",0,"control","control"
11,"small_granivore","8","dipo_present",1,"control","control"
15,"small_granivore","8","dipo_present",1,"control","control"
32,"small_granivore","8","dipo_present",1,"control","control"
5,"small_granivore","8","dipo_present",1,"control","control"
6,"small_granivore","8","dipo_present",1,"control","control"
7,"small_granivore","8","dipo_present",0,"control","control"
12,"small_granivore","8","dipo_present",1,"control","control"
13,"small_granivore","8","dipo_present",0,"control","control"
14,"small_granivore","8","dipo_present",0,"control","control"
16,"small_granivore","8","dipo_present",0,"control","control"
17,"small_granivore","8","dipo_present",0,"control","control"
18,"small_granivore","8","dipo_present",0,"control","control"
19,"small_granivore","8","dipo_present",0,"control","control"
20,"small_granivore","8","dipo_present",0,"control","control"
21,"small_granivore","8","dipo_present",0,"control","control"
22,"small_granivore","8","dipo_present",0,"control","control"
23,"small_granivore","8","dipo_present",0,"control","control"
24,"small_granivore","8","dipo_present",0,"control","control"
25,"small_granivore","8","dipo_present",0,"control","control"
26,"small_granivore","8","dipo_present",0,"control","control"
27,"small_granivore","8","dipo_present",1,"control","control"
28,"small_granivore","8","dipo_present",0,"control","control"
29,"small_granivore","8","dipo_present",0,"control","control"
30,"small_granivore","8","dipo_present",1,"control","control"
31,"small_granivore","8","dipo_present",0,"control","control"
33,"small_granivore","8","dipo_present",1,"control","control"
34,"small_granivore","8","dipo_present",0,"control","control"
35,"small_granivore","8","dipo_present",0,"control","control"
1,"small_omnivore","8","dipo_present",0,"control","control"
2,"small_omnivore","8","dipo_present",0,"control","control"
3,"small_omnivore","8","dipo_present",0,"control","control"
4,"small_omnivore","8","dipo_present",0,"control","control"
8,"small_omnivore","8","dipo_present",0,"control","control"
9,"small_omnivore","8","dipo_present",2,"control","control"
10,"small_omnivore","8","dipo_present",0,"control","control"
11,"small_omnivore","8","dipo_present",0,"control","control"
15,"small_omnivore","8","dipo_present",0,"control","control"
32,"small_omnivore","8","dipo_present",0,"control","control"
5,"small_omnivore","8","dipo_present",0,"control","control"
6,"small_omnivore","8","dipo_present",0,"control","control"
7,"small_omnivore","8","dipo_present",1,"control","control"
12,"small_omnivore","8","dipo_present",0,"control","control"
13,"small_omnivore","8","dipo_present",0,"control","control"
14,"small_omnivore","8","dipo_present",0,"control","control"
16,"small_omnivore","8","dipo_present",0,"control","control"
17,"small_omnivore","8","dipo_present",2,"control","control"
18,"small_omnivore","8","dipo_present",1,"control","control"
19,"small_omnivore","8","dipo_present",0,"control","control"
20,"small_omnivore","8","dipo_present",1,"control","control"
21,"small_omnivore","8","dipo_present",0,"control","control"
22,"small_omnivore","8","dipo_present",0,"control","control"
23,"small_omnivore","8","dipo_present",0,"control","control"
24,"small_omnivore","8","dipo_present",0,"control","control"
25,"small_omnivore","8","dipo_present",1,"control","control"
26,"small_omnivore","8","dipo_present",0,"control","control"
27,"small_omnivore","8","dipo_present",0,"control","control"
28,"small_omnivore","8","dipo_present",0,"control","control"
29,"small_omnivore","8","dipo_present",2,"control","control"
30,"small_omnivore","8","dipo_present",0,"control","control"
31,"small_omnivore","8","dipo_present",2,"control","control"
33,"small_omnivore","8","dipo_present",0,"control","control"
34,"small_omnivore","8","dipo_present",1,"control","control"
35,"small_omnivore","8","dipo_present",0,"control","control"
1,"dipo","11","dipo_present",5,"control","control"
2,"dipo","11","dipo_present",4,"control","control"
3,"dipo","11","dipo_present",3,"control","control"
4,"dipo","11","dipo_present",4,"control","control"
8,"dipo","11","dipo_present",3,"control","control"
9,"dipo","11","dipo_present",5,"control","control"
10,"dipo","11","dipo_present",5,"control","control"
11,"dipo","11","dipo_present",6,"control","control"
15,"dipo","11","dipo_present",6,"control","control"
32,"dipo","11","dipo_present",1,"control","control"
5,"dipo","11","dipo_present",4,"control","control"
6,"dipo","11","dipo_present",6,"control","control"
7,"dipo","11","dipo_present",5,"control","control"
12,"dipo","11","dipo_present",4,"control","control"
13,"dipo","11","dipo_present",3,"control","control"
14,"dipo","11","dipo_present",5,"control","control"
16,"dipo","11","dipo_present",7,"control","control"
17,"dipo","11","dipo_present",3,"control","control"
18,"dipo","11","dipo_present",4,"control","control"
19,"dipo","11","dipo_present",4,"control","control"
20,"dipo","11","dipo_present",2,"control","control"
21,"dipo","11","dipo_present",2,"control","control"
22,"dipo","11","dipo_present",2,"control","control"
23,"dipo","11","dipo_present",1,"control","control"
24,"dipo","11","dipo_present",2,"control","control"
25,"dipo","11","dipo_present",2,"control","control"
26,"dipo","11","dipo_present",2,"control","control"
27,"dipo","11","dipo_present",2,"control","control"
28,"dipo","11","dipo_present",3,"control","control"
29,"dipo","11","dipo_present",5,"control","control"
30,"dipo","11","dipo_present",9,"control","control"
31,"dipo","11","dipo_present",1,"control","control"
33,"dipo","11","dipo_present",2,"control","control"
34,"dipo","11","dipo_present",2,"control","control"
35,"dipo","11","dipo_present",4,"control","control"
1,"other","11","dipo_present",0,"control","control"
2,"other","11","dipo_present",0,"control","control"
3,"other","11","dipo_present",1,"control","control"
4,"other","11","dipo_present",1,"control","control"
8,"other","11","dipo_present",0,"control","control"
9,"other","11","dipo_present",0,"control","control"
10,"other","11","dipo_present",0,"control","control"
11,"other","11","dipo_present",0,"control","control"
15,"other","11","dipo_present",0,"control","control"
32,"other","11","dipo_present",0,"control","control"
5,"other","11","dipo_present",1,"control","control"
6,"other","11","dipo_present",1,"control","control"
7,"other","11","dipo_present",1,"control","control"
12,"other","11","dipo_present",0,"control","control"
13,"other","11","dipo_present",0,"control","control"
14,"other","11","dipo_present",0,"control","control"
16,"other","11","dipo_present",0,"control","control"
17,"other","11","dipo_present",0,"control","control"
18,"other","11","dipo_present",0,"control","control"
19,"other","11","dipo_present",0,"control","control"
20,"other","11","dipo_present",0,"control","control"
21,"other","11","dipo_present",0,"control","control"
22,"other","11","dipo_present",0,"control","control"
23,"other","11","dipo_present",0,"control","control"
24,"other","11","dipo_present",0,"control","control"
25,"other","11","dipo_present",0,"control","control"
26,"other","11","dipo_present",0,"control","control"
27,"other","11","dipo_present",0,"control","control"
28,"other","11","dipo_present",0,"control","control"
29,"other","11","dipo_present",0,"control","control"
30,"other","11","dipo_present",0,"control","control"
31,"other","11","dipo_present",0,"control","control"
33,"other","11","dipo_present",0,"control","control"
34,"other","11","dipo_present",0,"control","control"
35,"other","11","dipo_present",0,"control","control"
1,"small_granivore","11","dipo_present",1,"control","control"
2,"small_granivore","11","dipo_present",1,"control","control"
3,"small_granivore","11","dipo_present",0,"control","control"
4,"small_granivore","11","dipo_present",0,"control","control"
8,"small_granivore","11","dipo_present",0,"control","control"
9,"small_granivore","11","dipo_present",0,"control","control"
10,"small_granivore","11","dipo_present",0,"control","control"
11,"small_granivore","11","dipo_present",1,"control","control"
15,"small_granivore","11","dipo_present",2,"control","control"
32,"small_granivore","11","dipo_present",0,"control","control"
5,"small_granivore","11","dipo_present",1,"control","control"
6,"small_granivore","11","dipo_present",0,"control","control"
7,"small_granivore","11","dipo_present",0,"control","control"
12,"small_granivore","11","dipo_present",1,"control","control"
13,"small_granivore","11","dipo_present",1,"control","control"
14,"small_granivore","11","dipo_present",0,"control","control"
16,"small_granivore","11","dipo_present",2,"control","control"
17,"small_granivore","11","dipo_present",0,"control","control"
18,"small_granivore","11","dipo_present",0,"control","control"
19,"small_granivore","11","dipo_present",0,"control","control"
20,"small_granivore","11","dipo_present",0,"control","control"
21,"small_granivore","11","dipo_present",0,"control","control"
22,"small_granivore","11","dipo_present",0,"control","control"
23,"small_granivore","11","dipo_present",0,"control","control"
24,"small_granivore","11","dipo_present",0,"control","control"
25,"small_granivore","11","dipo_present",1,"control","control"
26,"small_granivore","11","dipo_present",0,"control","control"
27,"small_granivore","11","dipo_present",0,"control","control"
28,"small_granivore","11","dipo_present",1,"control","control"
29,"small_granivore","11","dipo_present",2,"control","control"
30,"small_granivore","11","dipo_present",1,"control","control"
31,"small_granivore","11","dipo_present",2,"control","control"
33,"small_granivore","11","dipo_present",0,"control","control"
34,"small_granivore","11","dipo_present",1,"control","control"
35,"small_granivore","11","dipo_present",1,"control","control"
1,"small_omnivore","11","dipo_present",0,"control","control"
2,"small_omnivore","11","dipo_present",0,"control","control"
3,"small_omnivore","11","dipo_present",0,"control","control"
4,"small_omnivore","11","dipo_present",0,"control","control"
8,"small_omnivore","11","dipo_present",0,"control","control"
9,"small_omnivore","11","dipo_present",0,"control","control"
10,"small_omnivore","11","dipo_present",0,"control","control"
11,"small_omnivore","11","dipo_present",0,"control","control"
15,"small_omnivore","11","dipo_present",2,"control","control"
32,"small_omnivore","11","dipo_present",0,"control","control"
5,"small_omnivore","11","dipo_present",0,"control","control"
6,"small_omnivore","11","dipo_present",1,"control","control"
7,"small_omnivore","11","dipo_present",0,"control","control"
12,"small_omnivore","11","dipo_present",0,"control","control"
13,"small_omnivore","11","dipo_present",0,"control","control"
14,"small_omnivore","11","dipo_present",0,"control","control"
16,"small_omnivore","11","dipo_present",0,"control","control"
17,"small_omnivore","11","dipo_present",3,"control","control"
18,"small_omnivore","11","dipo_present",1,"control","control"
19,"small_omnivore","11","dipo_present",1,"control","control"
20,"small_omnivore","11","dipo_present",1,"control","control"
21,"small_omnivore","11","dipo_present",0,"control","control"
22,"small_omnivore","11","dipo_present",0,"control","control"
23,"small_omnivore","11","dipo_present",0,"control","control"
24,"small_omnivore","11","dipo_present",0,"control","control"
25,"small_omnivore","11","dipo_present",0,"control","control"
26,"small_omnivore","11","dipo_present",1,"control","control"
27,"small_omnivore","11","dipo_present",1,"control","control"
28,"small_omnivore","11","dipo_present",3,"control","control"
29,"small_omnivore","11","dipo_present",0,"control","control"
30,"small_omnivore","11","dipo_present",2,"control","control"
31,"small_omnivore","11","dipo_present",1,"control","control"
33,"small_omnivore","11","dipo_present",0,"control","control"
34,"small_omnivore","11","dipo_present",0,"control","control"
35,"small_omnivore","11","dipo_present",0,"control","control"
1,"dipo","12","dipo_present",2,"control","control"
2,"dipo","12","dipo_present",1,"control","control"
3,"dipo","12","dipo_present",5,"control","control"
4,"dipo","12","dipo_present",4,"control","control"
8,"dipo","12","dipo_present",3,"control","control"
9,"dipo","12","dipo_present",0,"control","control"
10,"dipo","12","dipo_present",3,"control","control"
11,"dipo","12","dipo_present",3,"control","control"
15,"dipo","12","dipo_present",6,"control","control"
32,"dipo","12","dipo_present",5,"control","control"
5,"dipo","12","dipo_present",3,"control","control"
6,"dipo","12","dipo_present",4,"control","control"
7,"dipo","12","dipo_present",2,"control","control"
12,"dipo","12","dipo_present",7,"control","control"
13,"dipo","12","dipo_present",9,"control","control"
14,"dipo","12","dipo_present",6,"control","control"
16,"dipo","12","dipo_present",3,"control","control"
17,"dipo","12","dipo_present",4,"control","control"
18,"dipo","12","dipo_present",2,"control","control"
19,"dipo","12","dipo_present",1,"control","control"
20,"dipo","12","dipo_present",2,"control","control"
21,"dipo","12","dipo_present",3,"control","control"
22,"dipo","12","dipo_present",4,"control","control"
23,"dipo","12","dipo_present",3,"control","control"
24,"dipo","12","dipo_present",2,"control","control"
25,"dipo","12","dipo_present",2,"control","control"
26,"dipo","12","dipo_present",2,"control","control"
27,"dipo","12","dipo_present",3,"control","control"
28,"dipo","12","dipo_present",3,"control","control"
29,"dipo","12","dipo_present",3,"control","control"
30,"dipo","12","dipo_present",3,"control","control"
31,"dipo","12","dipo_present",7,"control","control"
33,"dipo","12","dipo_present",6,"control","control"
34,"dipo","12","dipo_present",6,"control","control"
35,"dipo","12","dipo_present",5,"control","control"
1,"other","12","dipo_present",0,"control","control"
2,"other","12","dipo_present",1,"control","control"
3,"other","12","dipo_present",1,"control","control"
4,"other","12","dipo_present",0,"control","control"
8,"other","12","dipo_present",0,"control","control"
9,"other","12","dipo_present",1,"control","control"
10,"other","12","dipo_present",0,"control","control"
11,"other","12","dipo_present",0,"control","control"
15,"other","12","dipo_present",2,"control","control"
32,"other","12","dipo_present",1,"control","control"
5,"other","12","dipo_present",1,"control","control"
6,"other","12","dipo_present",1,"control","control"
7,"other","12","dipo_present",1,"control","control"
12,"other","12","dipo_present",0,"control","control"
13,"other","12","dipo_present",0,"control","control"
14,"other","12","dipo_present",1,"control","control"
16,"other","12","dipo_present",2,"control","control"
17,"other","12","dipo_present",0,"control","control"
18,"other","12","dipo_present",1,"control","control"
19,"other","12","dipo_present",0,"control","control"
20,"other","12","dipo_present",0,"control","control"
21,"other","12","dipo_present",0,"control","control"
22,"other","12","dipo_present",2,"control","control"
23,"other","12","dipo_present",3,"control","control"
24,"other","12","dipo_present",0,"control","control"
25,"other","12","dipo_present",0,"control","control"
26,"other","12","dipo_present",1,"control","control"
27,"other","12","dipo_present",0,"control","control"
28,"other","12","dipo_present",2,"control","control"
29,"other","12","dipo_present",1,"control","control"
30,"other","12","dipo_present",2,"control","control"
31,"other","12","dipo_present",0,"control","control"
33,"other","12","dipo_present",0,"control","control"
34,"other","12","dipo_present",0,"control","control"
35,"other","12","dipo_present",0,"control","control"
1,"small_granivore","12","dipo_present",1,"control","control"
2,"small_granivore","12","dipo_present",1,"control","control"
3,"small_granivore","12","dipo_present",1,"control","control"
4,"small_granivore","12","dipo_present",1,"control","control"
8,"small_granivore","12","dipo_present",0,"control","control"
9,"small_granivore","12","dipo_present",0,"control","control"
10,"small_granivore","12","dipo_present",0,"control","control"
11,"small_granivore","12","dipo_present",0,"control","control"
15,"small_granivore","12","dipo_present",1,"control","control"
32,"small_granivore","12","dipo_present",2,"control","control"
5,"small_granivore","12","dipo_present",0,"control","control"
6,"small_granivore","12","dipo_present",0,"control","control"
7,"small_granivore","12","dipo_present",0,"control","control"
12,"small_granivore","12","dipo_present",0,"control","control"
13,"small_granivore","12","dipo_present",0,"control","control"
14,"small_granivore","12","dipo_present",1,"control","control"
16,"small_granivore","12","dipo_present",0,"control","control"
17,"small_granivore","12","dipo_present",0,"control","control"
18,"small_granivore","12","dipo_present",0,"control","control"
19,"small_granivore","12","dipo_present",0,"control","control"
20,"small_granivore","12","dipo_present",0,"control","control"
21,"small_granivore","12","dipo_present",0,"control","control"
22,"small_granivore","12","dipo_present",0,"control","control"
23,"small_granivore","12","dipo_present",0,"control","control"
24,"small_granivore","12","dipo_present",0,"control","control"
25,"small_granivore","12","dipo_present",0,"control","control"
26,"small_granivore","12","dipo_present",0,"control","control"
27,"small_granivore","12","dipo_present",0,"control","control"
28,"small_granivore","12","dipo_present",0,"control","control"
29,"small_granivore","12","dipo_present",0,"control","control"
30,"small_granivore","12","dipo_present",0,"control","control"
31,"small_granivore","12","dipo_present",0,"control","control"
33,"small_granivore","12","dipo_present",0,"control","control"
34,"small_granivore","12","dipo_present",0,"control","control"
35,"small_granivore","12","dipo_present",0,"control","control"
1,"small_omnivore","12","dipo_present",0,"control","control"
2,"small_omnivore","12","dipo_present",0,"control","control"
3,"small_omnivore","12","dipo_present",0,"control","control"
4,"small_omnivore","12","dipo_present",0,"control","control"
8,"small_omnivore","12","dipo_present",0,"control","control"
9,"small_omnivore","12","dipo_present",0,"control","control"
10,"small_omnivore","12","dipo_present",0,"control","control"
11,"small_omnivore","12","dipo_present",0,"control","control"
15,"small_omnivore","12","dipo_present",0,"control","control"
32,"small_omnivore","12","dipo_present",0,"control","control"
5,"small_omnivore","12","dipo_present",0,"control","control"
6,"small_omnivore","12","dipo_present",0,"control","control"
7,"small_omnivore","12","dipo_present",0,"control","control"
12,"small_omnivore","12","dipo_present",0,"control","control"
13,"small_omnivore","12","dipo_present",1,"control","control"
14,"small_omnivore","12","dipo_present",0,"control","control"
16,"small_omnivore","12","dipo_present",0,"control","control"
17,"small_omnivore","12","dipo_present",1,"control","control"
18,"small_omnivore","12","dipo_present",0,"control","control"
19,"small_omnivore","12","dipo_present",0,"control","control"
20,"small_omnivore","12","dipo_present",0,"control","control"
21,"small_omnivore","12","dipo_present",0,"control","control"
22,"small_omnivore","12","dipo_present",0,"control","control"
23,"small_omnivore","12","dipo_present",0,"control","control"
24,"small_omnivore","12","dipo_present",0,"control","control"
25,"small_omnivore","12","dipo_present",0,"control","control"
26,"small_omnivore","12","dipo_present",1,"control","control"
27,"small_omnivore","12","dipo_present",1,"control","control"
28,"small_omnivore","12","dipo_present",0,"control","control"
29,"small_omnivore","12","dipo_present",0,"control","control"
30,"small_omnivore","12","dipo_present",0,"control","control"
31,"small_omnivore","12","dipo_present",0,"control","control"
33,"small_omnivore","12","dipo_present",0,"control","control"
34,"small_omnivore","12","dipo_present",0,"control","control"
35,"small_omnivore","12","dipo_present",0,"control","control"
1,"dipo","14","dipo_present",1,"control","control"
2,"dipo","14","dipo_present",5,"control","control"
3,"dipo","14","dipo_present",5,"control","control"
4,"dipo","14","dipo_present",4,"control","control"
8,"dipo","14","dipo_present",2,"control","control"
9,"dipo","14","dipo_present",3,"control","control"
10,"dipo","14","dipo_present",2,"control","control"
11,"dipo","14","dipo_present",3,"control","control"
15,"dipo","14","dipo_present",4,"control","control"
32,"dipo","14","dipo_present",3,"control","control"
5,"dipo","14","dipo_present",4,"control","control"
6,"dipo","14","dipo_present",4,"control","control"
7,"dipo","14","dipo_present",3,"control","control"
12,"dipo","14","dipo_present",3,"control","control"
13,"dipo","14","dipo_present",3,"control","control"
14,"dipo","14","dipo_present",3,"control","control"
16,"dipo","14","dipo_present",3,"control","control"
17,"dipo","14","dipo_present",3,"control","control"
18,"dipo","14","dipo_present",2,"control","control"
19,"dipo","14","dipo_present",2,"control","control"
20,"dipo","14","dipo_present",3,"control","control"
21,"dipo","14","dipo_present",3,"control","control"
22,"dipo","14","dipo_present",4,"control","control"
23,"dipo","14","dipo_present",6,"control","control"
24,"dipo","14","dipo_present",6,"control","control"
25,"dipo","14","dipo_present",3,"control","control"
26,"dipo","14","dipo_present",4,"control","control"
27,"dipo","14","dipo_present",2,"control","control"
28,"dipo","14","dipo_present",3,"control","control"
29,"dipo","14","dipo_present",3,"control","control"
30,"dipo","14","dipo_present",3,"control","control"
31,"dipo","14","dipo_present",2,"control","control"
33,"dipo","14","dipo_present",3,"control","control"
34,"dipo","14","dipo_present",3,"control","control"
35,"dipo","14","dipo_present",7,"control","control"
1,"other","14","dipo_present",0,"control","control"
2,"other","14","dipo_present",0,"control","control"
3,"other","14","dipo_present",0,"control","control"
4,"other","14","dipo_present",1,"control","control"
8,"other","14","dipo_present",1,"control","control"
9,"other","14","dipo_present",0,"control","control"
10,"other","14","dipo_present",0,"control","control"
11,"other","14","dipo_present",0,"control","control"
15,"other","14","dipo_present",1,"control","control"
32,"other","14","dipo_present",0,"control","control"
5,"other","14","dipo_present",1,"control","control"
6,"other","14","dipo_present",1,"control","control"
7,"other","14","dipo_present",1,"control","control"
12,"other","14","dipo_present",0,"control","control"
13,"other","14","dipo_present",1,"control","control"
14,"other","14","dipo_present",0,"control","control"
16,"other","14","dipo_present",1,"control","control"
17,"other","14","dipo_present",1,"control","control"
18,"other","14","dipo_present",1,"control","control"
19,"other","14","dipo_present",0,"control","control"
20,"other","14","dipo_present",0,"control","control"
21,"other","14","dipo_present",0,"control","control"
22,"other","14","dipo_present",0,"control","control"
23,"other","14","dipo_present",0,"control","control"
24,"other","14","dipo_present",0,"control","control"
25,"other","14","dipo_present",1,"control","control"
26,"other","14","dipo_present",0,"control","control"
27,"other","14","dipo_present",0,"control","control"
28,"other","14","dipo_present",0,"control","control"
29,"other","14","dipo_present",1,"control","control"
30,"other","14","dipo_present",1,"control","control"
31,"other","14","dipo_present",1,"control","control"
33,"other","14","dipo_present",0,"control","control"
34,"other","14","dipo_present",2,"control","control"
35,"other","14","dipo_present",0,"control","control"
1,"small_granivore","14","dipo_present",0,"control","control"
2,"small_granivore","14","dipo_present",1,"control","control"
3,"small_granivore","14","dipo_present",0,"control","control"
4,"small_granivore","14","dipo_present",0,"control","control"
8,"small_granivore","14","dipo_present",0,"control","control"
9,"small_granivore","14","dipo_present",0,"control","control"
10,"small_granivore","14","dipo_present",0,"control","control"
11,"small_granivore","14","dipo_present",0,"control","control"
15,"small_granivore","14","dipo_present",0,"control","control"
32,"small_granivore","14","dipo_present",0,"control","control"
5,"small_granivore","14","dipo_present",0,"control","control"
6,"small_granivore","14","dipo_present",0,"control","control"
7,"small_granivore","14","dipo_present",0,"control","control"
12,"small_granivore","14","dipo_present",0,"control","control"
13,"small_granivore","14","dipo_present",1,"control","control"
14,"small_granivore","14","dipo_present",0,"control","control"
16,"small_granivore","14","dipo_present",0,"control","control"
17,"small_granivore","14","dipo_present",0,"control","control"
18,"small_granivore","14","dipo_present",0,"control","control"
19,"small_granivore","14","dipo_present",0,"control","control"
20,"small_granivore","14","dipo_present",0,"control","control"
21,"small_granivore","14","dipo_present",0,"control","control"
22,"small_granivore","14","dipo_present",0,"control","control"
23,"small_granivore","14","dipo_present",0,"control","control"
24,"small_granivore","14","dipo_present",0,"control","control"
25,"small_granivore","14","dipo_present",0,"control","control"
26,"small_granivore","14","dipo_present",0,"control","control"
27,"small_granivore","14","dipo_present",0,"control","control"
28,"small_granivore","14","dipo_present",0,"control","control"
29,"small_granivore","14","dipo_present",1,"control","control"
30,"small_granivore","14","dipo_present",0,"control","control"
31,"small_granivore","14","dipo_present",0,"control","control"
33,"small_granivore","14","dipo_present",0,"control","control"
34,"small_granivore","14","dipo_present",0,"control","control"
35,"small_granivore","14","dipo_present",0,"control","control"
1,"small_omnivore","14","dipo_present",0,"control","control"
2,"small_omnivore","14","dipo_present",0,"control","control"
3,"small_omnivore","14","dipo_present",0,"control","control"
4,"small_omnivore","14","dipo_present",0,"control","control"
8,"small_omnivore","14","dipo_present",0,"control","control"
9,"small_omnivore","14","dipo_present",0,"control","control"
10,"small_omnivore","14","dipo_present",0,"control","control"
11,"small_omnivore","14","dipo_present",0,"control","control"
15,"small_omnivore","14","dipo_present",0,"control","control"
32,"small_omnivore","14","dipo_present",0,"control","control"
5,"small_omnivore","14","dipo_present",0,"control","control"
6,"small_omnivore","14","dipo_present",0,"control","control"
7,"small_omnivore","14","dipo_present",2,"control","control"
12,"small_omnivore","14","dipo_present",0,"control","control"
13,"small_omnivore","14","dipo_present",0,"control","control"
14,"small_omnivore","14","dipo_present",0,"control","control"
16,"small_omnivore","14","dipo_present",0,"control","control"
17,"small_omnivore","14","dipo_present",0,"control","control"
18,"small_omnivore","14","dipo_present",0,"control","control"
19,"small_omnivore","14","dipo_present",0,"control","control"
20,"small_omnivore","14","dipo_present",0,"control","control"
21,"small_omnivore","14","dipo_present",0,"control","control"
22,"small_omnivore","14","dipo_present",0,"control","control"
23,"small_omnivore","14","dipo_present",0,"control","control"
24,"small_omnivore","14","dipo_present",0,"control","control"
25,"small_omnivore","14","dipo_present",1,"control","control"
26,"small_omnivore","14","dipo_present",2,"control","control"
27,"small_omnivore","14","dipo_present",1,"control","control"
28,"small_omnivore","14","dipo_present",0,"control","control"
29,"small_omnivore","14","dipo_present",0,"control","control"
30,"small_omnivore","14","dipo_present",1,"control","control"
31,"small_omnivore","14","dipo_present",0,"control","control"
33,"small_omnivore","14","dipo_present",0,"control","control"
34,"small_omnivore","14","dipo_present",0,"control","control"
35,"small_omnivore","14","dipo_present",0,"control","control"
